timestamp, memory.used [MiB]
2026/05/10 18:37:11.112, 17 MiB
2026/05/10 18:37:13.113, 17 MiB
2026/05/10 18:37:15.113, 17 MiB
2026/05/10 18:37:17.113, 17 MiB
2026/05/10 18:37:19.113, 17 MiB
2026/05/10 18:37:21.114, 20 MiB
2026/05/10 18:37:23.114, 20 MiB
2026/05/10 18:37:25.114, 1452 MiB
2026/05/10 18:37:27.115, 1452 MiB
2026/05/10 18:37:29.115, 1452 MiB
2026/05/10 18:37:31.115, 1452 MiB
2026/05/10 18:37:33.116, 7026 MiB
2026/05/10 18:37:35.116, 10276 MiB
2026/05/10 18:37:37.116, 19682 MiB
2026/05/10 18:37:39.117, 19682 MiB
2026/05/10 18:37:41.117, 19682 MiB
2026/05/10 18:37:43.117, 19682 MiB
2026/05/10 18:37:45.118, 19682 MiB
2026/05/10 18:37:47.118, 19682 MiB
2026/05/10 18:37:49.118, 19682 MiB
2026/05/10 18:37:51.118, 19682 MiB
2026/05/10 18:37:53.119, 19682 MiB
2026/05/10 18:37:55.119, 19682 MiB
2026/05/10 18:37:57.119, 19682 MiB
2026/05/10 18:37:59.120, 19682 MiB
2026/05/10 18:38:01.120, 19682 MiB
2026/05/10 18:38:03.120, 19682 MiB
2026/05/10 18:38:05.121, 19682 MiB
2026/05/10 18:38:07.121, 19682 MiB
2026/05/10 18:38:09.121, 19682 MiB
2026/05/10 18:38:11.122, 19682 MiB
2026/05/10 18:38:13.122, 19682 MiB
2026/05/10 18:38:15.122, 19682 MiB
2026/05/10 18:38:17.122, 19682 MiB
2026/05/10 18:38:19.123, 19682 MiB
2026/05/10 18:38:21.123, 19682 MiB
2026/05/10 18:38:23.123, 19682 MiB
2026/05/10 18:38:25.124, 19682 MiB
2026/05/10 18:38:27.124, 19682 MiB
2026/05/10 18:38:29.124, 19682 MiB
2026/05/10 18:38:31.125, 19682 MiB
2026/05/10 18:38:33.125, 19682 MiB
2026/05/10 18:38:35.125, 19682 MiB
2026/05/10 18:38:37.126, 19682 MiB
2026/05/10 18:38:39.126, 19682 MiB
2026/05/10 18:38:41.126, 19682 MiB
2026/05/10 18:38:43.127, 19682 MiB
2026/05/10 18:38:45.127, 19682 MiB
2026/05/10 18:38:47.127, 19682 MiB
2026/05/10 18:38:49.127, 19682 MiB
2026/05/10 18:38:51.128, 19682 MiB
2026/05/10 18:38:53.128, 19682 MiB
2026/05/10 18:38:55.128, 19682 MiB
2026/05/10 18:38:57.129, 19682 MiB
2026/05/10 18:38:59.129, 19682 MiB
2026/05/10 18:39:01.129, 19682 MiB
2026/05/10 18:39:03.130, 19682 MiB
2026/05/10 18:39:05.130, 19682 MiB
2026/05/10 18:39:07.130, 19682 MiB
2026/05/10 18:39:09.131, 19682 MiB
2026/05/10 18:39:11.131, 19682 MiB
2026/05/10 18:39:13.131, 19682 MiB
2026/05/10 18:39:15.131, 19682 MiB
2026/05/10 18:39:17.132, 19682 MiB
2026/05/10 18:39:19.132, 19682 MiB
2026/05/10 18:39:21.132, 19682 MiB
2026/05/10 18:39:23.133, 19682 MiB
2026/05/10 18:39:25.133, 19682 MiB
2026/05/10 18:39:27.133, 19682 MiB
2026/05/10 18:39:29.133, 19682 MiB
2026/05/10 18:39:31.134, 19682 MiB
2026/05/10 18:39:33.134, 19682 MiB
2026/05/10 18:39:35.134, 19682 MiB
2026/05/10 18:39:37.135, 19682 MiB
2026/05/10 18:39:39.135, 19682 MiB
2026/05/10 18:39:41.135, 19682 MiB
2026/05/10 18:39:43.136, 19682 MiB
2026/05/10 18:39:45.136, 19682 MiB
2026/05/10 18:39:47.136, 19682 MiB
2026/05/10 18:39:49.137, 19682 MiB
2026/05/10 18:39:51.137, 19682 MiB
2026/05/10 18:39:53.137, 19682 MiB
2026/05/10 18:39:55.138, 19682 MiB
2026/05/10 18:39:57.138, 19682 MiB
2026/05/10 18:39:59.138, 19682 MiB
2026/05/10 18:40:01.138, 19682 MiB
2026/05/10 18:40:03.139, 19682 MiB
2026/05/10 18:40:05.139, 19682 MiB
2026/05/10 18:40:07.139, 19682 MiB
2026/05/10 18:40:09.140, 19682 MiB
2026/05/10 18:40:11.140, 19682 MiB
2026/05/10 18:40:13.140, 19682 MiB
2026/05/10 18:40:15.140, 19682 MiB
2026/05/10 18:40:17.141, 19682 MiB
2026/05/10 18:40:19.141, 19682 MiB
2026/05/10 18:40:21.141, 19682 MiB
2026/05/10 18:40:23.142, 19682 MiB
2026/05/10 18:40:25.142, 19682 MiB
2026/05/10 18:40:27.142, 19682 MiB
2026/05/10 18:40:29.142, 19682 MiB
2026/05/10 18:40:31.143, 19682 MiB
2026/05/10 18:40:33.143, 19682 MiB
2026/05/10 18:40:35.143, 19682 MiB
2026/05/10 18:40:37.144, 19682 MiB
2026/05/10 18:40:39.144, 19682 MiB
2026/05/10 18:40:41.144, 19682 MiB
2026/05/10 18:40:43.145, 19682 MiB
2026/05/10 18:40:45.145, 19682 MiB
2026/05/10 18:40:47.145, 19682 MiB
2026/05/10 18:40:49.146, 19682 MiB
2026/05/10 18:40:51.146, 19682 MiB
2026/05/10 18:40:53.146, 19682 MiB
2026/05/10 18:40:55.146, 19682 MiB
2026/05/10 18:40:57.147, 19682 MiB
2026/05/10 18:40:59.147, 19682 MiB
2026/05/10 18:41:01.147, 19682 MiB
2026/05/10 18:41:03.148, 19682 MiB
2026/05/10 18:41:05.148, 19682 MiB
2026/05/10 18:41:07.148, 19682 MiB
2026/05/10 18:41:09.149, 19682 MiB
2026/05/10 18:41:11.149, 19682 MiB
2026/05/10 18:41:13.149, 19682 MiB
2026/05/10 18:41:15.149, 19682 MiB
2026/05/10 18:41:17.150, 19682 MiB
2026/05/10 18:41:19.150, 19618 MiB
2026/05/10 18:41:21.150, 17 MiB
